"SalePrice","YearRemodAdd","GarageArea","GrLivArea","BsmtUnfSF","MoSold","OverallCond","HeatingQC","BsmtCond","GarageFinish","RoofMatl","ExterCond","RoofStyle"
208500,2003,548,1710,150,2,5,"Ex","TA","RFn","CompShg","TA","Gable"
140000,1970,642,1717,540,2,5,"Gd","Gd","Unf","CompShg","TA","Gable"
250000,2000,836,2198,490,12,5,"Ex","TA","RFn","CompShg","TA","Gable"
118000,1950,205,1077,140,1,6,"Ex","TA","RFn","CompShg","TA","Gable"
144000,1962,352,912,175,9,6,"TA","TA","Unf","CompShg","TA","Hip"
279500,2007,840,1494,1494,8,5,"Ex","TA","RFn","CompShg","TA","Gable"
132000,2001,576,854,832,7,8,"Ex","TA","Unf","CompShg","TA","Gable"
159000,2004,576,1114,468,6,5,"Ex","TA","Unf","CompShg","TA","Gable"
139000,1965,294,1339,525,5,6,"TA","TA","Unf","CompShg","TA","Hip"
139400,1950,280,1108,637,6,7,"Ex","TA","Unf","CompShg","TA","Gable"
129900,1976,572,1060,200,6,7,"TA","TA","Unf","CompShg","TA","Gable"
154000,2001,270,1060,204,5,8,"Ex","TA","Unf","CompShg","Gd","Gable"
134800,2000,576,900,180,5,7,"TA","TA","Unf","CompShg","TA","Gable"
207500,1997,319,1600,207,12,6,"TA","TA","RFn","CompShg","TA","Gable"
68500,1950,240,520,520,5,6,"Other","TA","Unf","CompShg","TA","Gable"
149350,2006,271,1228,1228,6,6,"Gd","TA","Unf","CompShg","TA","Gable"
165500,1959,447,1700,380,4,5,"Gd","TA","RFn","CompShg","TA","Hip"
277500,2005,556,1561,408,8,5,"Ex","TA","Fin","CompShg","TA","Hip"
145000,1995,672,1097,1097,6,5,"Ex","TA","Unf","CompShg","TA","Gable"
109000,2007,246,1057,326,1,7,"TA","TA","Unf","CompShg","Gd","Gable"
160000,1965,440,1324,445,12,5,"Ex","TA","RFn","CompShg","TA","Gable"
170000,1959,308,1328,383,7,6,"Gd","TA","RFn","CompShg","Gd","Gable"
144000,1983,504,884,0,12,7,"Gd","TA","RFn","CompShg","TA","Gable"
319900,2005,576,1752,1296,2,5,"Ex","TA","RFn","CompShg","TA","Hip"
239686,2003,670,2149,83,8,5,"Ex","TA","RFn","CompShg","TA","Gable"
249700,2006,826,1656,1632,7,5,"Ex","TA","RFn","CompShg","TA","Gable"
127000,1966,386,955,192,1,7,"Ex","TA","Unf","CompShg","TA","Gable"
177000,1997,388,1470,612,7,6,"Gd","TA","Fin","CompShg","TA","Gable"
114500,1950,528,1176,816,9,6,"TA","TA","Unf","CompShg","TA","Gable"
385000,1987,894,1842,32,11,5,"Gd","TA","Fin","Other","TA","Gable"
130000,1955,572,1360,0,2,5,"TA","TA","Unf","CompShg","TA","Gable"
180500,1964,576,1425,935,7,5,"Gd","TA","RFn","CompShg","TA","Gable"
172500,2000,480,1739,321,8,5,"Ex","TA","Fin","CompShg","TA","Gable"
196500,2004,565,1720,860,8,5,"Ex","TA","RFn","CompShg","TA","Gable"
438780,2006,641,2945,1410,10,5,"Ex","TA","Fin","CompShg","TA","Hip"
124900,1972,352,780,148,1,7,"Ex","TA","Unf","CompShg","TA","Gable"
158000,2004,576,1158,217,5,5,"Ex","TA","Unf","CompShg","TA","Gable"
101000,1996,288,1111,530,3,7,"TA","Other","Unf","CompShg","TA","Gable"
202500,2006,484,1370,1346,10,5,"Ex","Gd","RFn","CompShg","TA","Gable"
219500,1998,645,2034,318,2,5,"Ex","TA","RFn","CompShg","TA","Gable"
226000,2003,558,1479,440,6,5,"Ex","TA","RFn","CompShg","TA","Gable"
80000,1950,220,747,747,6,6,"TA","TA","Unf","CompShg","Gd","Gable"
225000,1953,667,2287,701,7,4,"TA","TA","Fin","CompShg","TA","Gable"
244000,1973,516,2223,343,2,6,"Ex","TA","Fin","CompShg","Gd","Gable"
144900,2003,490,1086,404,5,7,"Gd","TA","Unf","CompShg","TA","Gable"
107400,1950,379,1605,840,5,6,"Gd","TA","Unf","CompShg","Gd","Other"
135750,1956,283,952,724,4,7,"Ex","TA","Unf","CompShg","TA","Gable"
127000,2001,240,1285,295,1,5,"TA","TA","Unf","CompShg","TA","Gable"
110000,1981,440,1230,440,5,6,"Gd","TA","Unf","CompShg","TA","Gable"
193500,1968,509,2142,448,6,6,"TA","TA","Fin","CompShg","Gd","Gable"
153500,1998,405,1337,36,3,5,"Ex","Gd","Fin","CompShg","Gd","Hip"
245000,2007,758,1563,1530,10,5,"Ex","TA","RFn","CompShg","TA","Gable"
126500,1960,461,1065,1065,7,5,"Gd","TA","Unf","CompShg","TA","Gable"
260000,1992,462,2417,1288,4,5,"Ex","TA","Unf","CompShg","TA","Hip"
174000,2005,400,1560,684,3,5,"Ex","TA","Fin","CompShg","TA","Gable"
164500,2009,528,1224,612,6,5,"Ex","TA","RFn","CompShg","TA","Gable"
109900,1950,420,1040,0,7,5,"TA",.,"Unf","CompShg","TA","Gable"
98600,1961,480,1235,635,12,3,"TA","TA","Unf","CompShg","TA","Hip"
163500,2006,432,964,163,8,7,"Ex","TA","Unf","CompShg","Gd","Gable"
133900,1998,506,2291,168,11,6,"Ex","Other","Unf","CompShg","TA","Hip"
204750,1997,684,1786,176,5,5,"Ex","TA","RFn","CompShg","Gd","Gable"
214000,1999,472,1588,426,8,5,"Ex","TA","RFn","CompShg","TA","Gable"
94750,1965,432,960,440,5,5,"TA","TA","Fin","CompShg","TA","Hip"
83000,1950,366,835,350,5,5,"Other","TA","Unf","CompShg","TA","Gable"
178000,1985,476,1732,741,6,5,"TA","TA","Fin","CompShg","TA","Gable"
198900,2009,740,1226,1226,5,5,"Ex","TA","RFn","CompShg","TA","Gable"
169500,1950,240,1818,816,6,4,"Ex","TA","Unf","CompShg","Other","Gable"
1e+05,1995,273,1047,641,8,7,"Gd","TA","Unf","CompShg","TA","Other"
115000,1950,250,789,516,4,5,"Ex","TA","Unf","CompShg","TA","Gable"
190000,1977,546,1844,1139,1,6,"Ex","TA","RFn","CompShg","TA","Hip"
136900,1972,325,1855,550,10,4,"Gd","Other","Unf","CompShg","TA","Gable"
383970,2007,792,2696,280,10,5,"Ex","TA","Fin","CompShg","TA","Gable"
217000,1953,450,2259,905,10,5,"TA","TA","Unf","CompShg","Gd","Hip"
176000,1999,440,1458,310,6,5,"Gd","TA","Unf","CompShg","TA","Gable"
139000,1962,288,1092,252,9,5,"TA","TA","Unf","CompShg","TA","Gable"
163990,2006,390,1456,728,7,5,"Ex","TA","Fin","CompShg","TA","Gable"
180000,1969,540,988,0,10,5,"Ex","TA","Unf","Other","TA","Other"
1e+05,1950,264,1123,732,6,5,"Gd","TA","Unf","CompShg","TA","Gable"
136000,1958,288,1080,510,6,7,"Gd","TA","Unf","CompShg","Gd","Hip"
153900,1993,530,1199,899,3,5,"Ex","TA","RFn","CompShg","TA","Gable"
128000,1976,440,958,958,2,5,"TA","TA","RFn","CompShg","TA","Gable"
155000,1966,453,1348,148,7,5,"TA","TA","RFn","CompShg","TA","Gable"
150000,1991,750,1053,413,7,7,"TA","TA","RFn","CompShg","TA","Gable"
226000,1966,487,2157,479,5,6,"Ex","TA","Fin","CompShg","TA","Gable"
180000,1993,440,1721,891,7,6,"Gd","TA","RFn","CompShg","TA","Gable"
174000,1970,530,1682,1304,5,6,"Gd","TA","Unf","CompShg","TA","Hip"
143000,1967,318,1214,519,7,5,"TA","TA","RFn","CompShg","TA","Gable"
171000,1989,766,1959,1907,7,5,"Gd","TA","Unf","CompShg","TA","Gable"
230000,2000,660,1852,336,12,5,"Ex","TA","Fin","CompShg","TA","Gable"
260000,2005,660,1734,434,1,5,"Ex","TA","Fin","CompShg","TA","Gable"
166000,1952,720,1385,403,6,4,"Other","TA","Unf","CompShg","Other","Gable"
204000,1999,577,1501,811,6,5,"Ex","TA","RFn","CompShg","TA","Gable"
125000,1963,504,1728,396,11,5,"TA","TA","Unf","CompShg","TA","Gable"
130000,2006,380,1709,970,4,5,"Ex","TA","Unf","CompShg","TA","Gable"
105000,1993,180,875,506,11,7,"TA","TA","Unf","CompShg","TA","Gable"
222500,2001,434,2035,884,5,5,"Ex","TA","Fin","CompShg","TA","Gable"
190000,1971,495,1993,409,6,5,"Gd","TA","RFn","CompShg","TA","Gable"
235000,1975,564,1252,93,3,7,"Gd","TA","RFn","CompShg","TA","Other"
109500,1950,625,1040,0,6,7,"TA",.,"Unf","CompShg","TA","Hip"
254900,2005,678,1947,769,5,5,"Ex","TA","RFn","CompShg","TA","Gable"
320000,2006,576,2462,1335,3,5,"Ex","TA","RFn","CompShg","TA","Gable"
162500,1984,516,1232,572,6,6,"TA","TA","Unf","CompShg","TA","Gable"
152000,2004,216,1616,779,10,7,"Gd","TA","Unf","CompShg","Gd","Gable"
190000,1993,303,1867,470,11,5,"Ex","TA","Fin","CompShg","TA","Hip"
325624,2007,789,2161,294,11,5,"Ex","TA","Fin","CompShg","TA","Gable"
183500,2004,440,1720,840,5,5,"Ex","TA","Fin","CompShg","TA","Gable"
128500,1950,660,1382,360,5,6,"TA","TA","Unf","CompShg","TA","Gable"
215000,1960,528,1656,441,5,5,"Other","Gd","Fin","CompShg","TA","Hip"
239000,1987,504,1767,354,6,7,"Gd","Gd","RFn","CompShg","Gd","Gable"
184000,1986,616,1651,0,11,5,"TA","Other","Fin","CompShg","TA","Gable"
211000,1989,521,2060,320,9,5,"TA","TA","Unf","CompShg","TA","Gable"
172500,1958,451,1920,554,7,5,"Ex","TA","Unf","CompShg","Gd","Gable"
1e+05,2006,480,968,968,7,6,"TA","TA","Unf","CompShg","TA","Gable"
177000,2000,440,1525,320,6,5,"Ex","TA","Unf","CompShg","TA","Gable"
200100,1950,216,1802,441,7,6,"Gd","TA","Unf","CompShg","TA","Gable"
120000,2006,252,1340,0,6,6,"Ex",.,"RFn","CompShg","TA","Hip"
2e+05,2003,484,2082,1362,6,5,"Ex","TA","Unf","CompShg","TA","Gable"
127000,1991,576,1252,504,6,8,"Gd","TA","Unf","CompShg","TA","Gable"
475000,1993,840,3608,1107,6,9,"Ex","TA","Unf","Other","Gd","Gable"
173000,1991,497,1217,577,6,5,"Ex","TA","Unf","CompShg","TA","Gable"
135000,1987,180,1656,660,8,7,"Ex","TA","Unf","CompShg","TA","Gable"
286000,2002,682,1593,440,8,5,"Ex","TA","Fin","CompShg","TA","Gable"
315000,1994,440,2727,556,12,8,"TA","Gd","Unf","CompShg","TA","Hip"
127000,1972,352,864,474,5,7,"TA","TA","Unf","CompShg","TA","Hip"
148500,1976,440,1456,289,7,6,"TA","TA","Unf","CompShg","TA","Gable"
311872,2007,786,1726,600,9,5,"Ex","TA","Fin","CompShg","TA","Hip"
274900,2005,856,1713,625,1,5,"Ex","TA","Fin","CompShg","TA","Hip"
140000,2004,440,1121,1121,3,5,"Ex","TA","RFn","CompShg","TA","Gable"
171500,1977,473,1279,276,2,6,"TA","TA","Unf","CompShg","TA","Gable"
110000,1950,240,1284,408,4,7,"TA","TA","Unf","CompShg","TA","Gable"
180500,1990,500,1442,1424,5,5,"Ex","TA","RFn","CompShg","TA","Gable"
143900,1962,349,1696,1140,3,5,"TA","TA","RFn","CompShg","Gd","Gable"
141000,1960,312,1100,375,4,5,"TA","TA","RFn","CompShg","TA","Gable"
277000,1989,454,2062,92,4,5,"Ex","TA","Fin","CompShg","TA","Gable"
145000,1964,504,1092,305,7,7,"Ex","TA","RFn","CompShg","TA","Hip"
252678,2009,644,1852,78,7,5,"Ex","TA","RFn","CompShg","TA","Gable"
161750,1977,299,1392,311,3,7,"Ex","TA","Fin","CompShg","TA","Gable"
210000,2004,484,1436,490,4,5,"Ex","TA","Unf","CompShg","TA","Gable"
107000,1950,210,1328,686,9,4,"Other","TA","Unf","CompShg","TA","Gable"
311500,2006,431,1954,457,5,9,"Ex","TA","Unf","CompShg","Gd","Gable"
2e+05,2002,390,2267,1010,12,5,"Ex","TA","RFn","CompShg","TA","Gable"
179900,1975,434,1552,163,2,6,"TA","TA","RFn","CompShg","TA","Gable"
112000,1971,280,1302,630,5,5,"TA","TA","Unf","CompShg","TA","Gable"
290000,1995,721,2520,638,6,5,"Ex","TA","RFn","CompShg","TA","Gable"
106000,1970,280,987,162,9,6,"TA","TA","Unf","CompShg","TA","Gable"
192500,2006,430,1555,1357,5,5,"Ex","TA","Fin","CompShg","TA","Gable"
148000,1959,312,1194,1194,4,6,"TA","TA","RFn","CompShg","TA","Hip"
89500,1971,264,987,125,8,3,"TA","TA","Unf","CompShg","TA","Gable"
185500,2004,494,1414,1390,5,5,"Ex","TA","RFn","CompShg","TA","Gable"
194500,2003,457,1744,594,2,7,"Ex","TA","RFn","CompShg","TA","Gable"
120000,1980,288,1217,626,4,6,"TA","TA","RFn","CompShg","TA","Gable"
205000,2002,463,2110,253,5,5,"Ex","TA","RFn","CompShg","TA","Gable"
137000,1950,440,1928,1020,4,8,"Gd","TA","Unf","CompShg","Other","Gable"
140000,1954,451,1375,1367,6,5,"Ex","TA","Unf","CompShg","TA","Hip"
180000,2003,500,1668,840,9,5,"Ex","TA","RFn","CompShg","TA","Gable"
277000,2006,389,2144,747,6,7,"Gd","TA","Fin","CompShg","TA","Gable"
235000,2007,538,1625,0,12,5,"Ex","TA","Fin","CompShg","TA","Hip"
158000,1991,309,1302,452,10,7,"Ex","TA","RFn","CompShg","TA","Hip"
145000,1957,294,1314,392,6,6,"TA","TA","RFn","CompShg","Gd","Gable"
207500,2003,673,1728,361,5,5,"Ex","TA","RFn","CompShg","TA","Gable"
220000,2006,660,1604,270,3,5,"Ex","TA","RFn","CompShg","TA","Gable"
176000,1962,884,1382,0,5,5,"TA","TA","Unf","CompShg","TA","Gable"
151000,1995,492,1212,0,7,7,"TA","Gd","Unf","CompShg","TA","Gable"
185000,1997,413,1511,88,6,5,"Gd","TA","Fin","CompShg","TA","Gable"
148000,1976,504,1113,392,5,7,"TA","Gd","RFn","CompShg","Gd","Hip"
266000,2006,1053,1939,1095,8,5,"Gd","TA","RFn","CompShg","TA","Gable"
241500,2005,439,1363,96,4,7,"Ex","TA","Unf","Other","TA","Other"
290000,2007,671,2270,628,4,7,"Ex","TA","Fin","CompShg","TA","Gable"
139000,1988,338,1632,0,4,6,"Gd","TA","RFn","CompShg","TA","Hip"
205000,2007,672,1548,952,10,7,"Gd","TA","Unf","CompShg","Gd","Gable"
201000,2003,573,1560,1560,4,5,"Ex","TA","Fin","CompShg","TA","Gable"
141000,1951,400,864,744,6,5,"Ex","TA","Unf","CompShg","TA","Gable"
415298,2007,732,2121,2121,5,5,"Ex","TA","Fin","CompShg","TA","Gable"
185000,2006,572,1262,357,5,5,"Gd","TA","Fin","CompShg","TA","Gable"
207500,2008,626,1314,410,4,5,"Ex","TA","RFn","CompShg","TA","Gable"
244600,2009,898,1468,1468,12,5,"Ex","TA","Fin","CompShg","TA","Gable"
179200,1992,529,1575,1145,7,5,"Gd","TA","RFn","CompShg","TA","Gable"
164700,2007,528,1250,625,6,5,"Ex","TA","RFn","CompShg","TA","Gable"
122000,1967,280,900,432,2,5,"TA","TA","Unf","CompShg","Gd","Gable"
153575,2003,384,1396,698,7,7,"Ex","TA","Unf","CompShg","TA","Gable"
233230,2006,685,1919,1079,7,5,"Ex","TA","RFn","CompShg","TA","Gable"
131000,2008,281,1716,476,1,4,"Gd","TA","Unf","CompShg","TA","Gable"
235000,1994,539,2263,0,3,7,"Other","TA","Fin","CompShg","TA","Gable"
167000,1953,418,1644,131,10,5,"TA","TA","Fin","CompShg","TA","Hip"
152000,1950,282,1558,490,6,5,"TA","TA","Unf","CompShg","TA","Gable"
175000,1968,539,1743,143,6,6,"Gd","TA","Unf","CompShg","TA","Other"
267000,1999,683,2452,747,5,5,"Ex","TA","Fin","CompShg","TA","Gable"
205000,2002,843,1541,1541,1,5,"Ex","TA","RFn","CompShg","TA","Gable"
149900,1972,552,894,0,7,7,"TA","TA","Unf","CompShg","TA","Gable"
295000,2002,870,3493,1470,5,9,"Ex","TA","Unf","CompShg","TA","Gable"
225000,1991,746,2243,0,6,5,"Gd","TA","RFn","CompShg","TA","Gable"
82500,1950,539,861,599,3,5,"Ex","TA","Unf","CompShg","TA","Gable"
360000,2004,708,1944,622,11,5,"Ex","TA","Fin","CompShg","TA","Gable"
375000,1965,513,2036,80,6,5,"TA","TA","RFn","CompShg","TA","Hip"
188500,2005,432,1432,291,7,5,"Ex","TA","Fin","CompShg","TA","Gable"
270000,2006,1025,1959,1088,12,5,"Ex","TA","RFn","CompShg","TA","Gable"
260000,1993,656,2646,360,4,5,"Ex","TA","RFn","CompShg","TA","Gable"
187500,1980,588,1472,336,6,5,"TA","TA","Unf","CompShg","TA","Gable"
342643,2006,840,2596,1249,9,5,"Ex","Gd","RFn","CompShg","TA","Gable"
354000,2004,872,2468,166,6,5,"Ex","TA","Fin","CompShg","TA","Gable"
301000,1987,576,2730,0,8,5,"Ex","TA","Fin","CompShg","TA","Gable"
126175,2005,220,1163,906,7,8,"Ex","TA","Unf","CompShg","Gd","Gable"
324000,1993,473,1719,100,5,5,"Ex","TA","Fin","CompShg","TA","Gable"
214500,1994,441,2134,844,7,6,"Gd","TA","Unf","CompShg","TA","Gable"
78000,1950,189,1192,596,7,5,"TA","TA","Unf","CompShg","TA","Gable"
119000,1964,352,1728,1424,11,4,"TA","TA","Unf","CompShg","TA","Gable"
139000,1992,308,1056,210,8,6,"Other","TA","RFn","CompShg","TA","Gable"
207000,2004,484,1358,638,7,5,"Ex","TA","RFn","CompShg","TA","Gable"
192000,1998,472,1638,115,7,5,"Gd","TA","Fin","CompShg","TA","Gable"
228950,1965,529,1786,103,8,6,"Ex","TA","Fin","CompShg","TA","Gable"
377426,2006,676,1922,673,7,5,"Ex","TA","Fin","CompShg","TA","Hip"
214000,2003,532,1536,726,12,5,"Ex","TA","RFn","CompShg","TA","Gable"
202500,1998,440,1621,995,5,7,"Ex","TA","RFn","CompShg","TA","Gable"
155000,1998,297,1215,630,6,7,"TA","Other","Unf","CompShg","TA","Hip"
202900,2002,431,1908,967,4,5,"Ex","TA","Fin","CompShg","TA","Gable"
82000,1950,294,841,721,9,4,"Gd","Other","Unf","CompShg","Other","Gable"
266000,2005,564,1684,1656,7,5,"Ex","TA","RFn","CompShg","TA","Hip"
85000,1976,336,1112,175,4,3,"TA","TA","Unf","CompShg","TA","Gable"
151500,1998,301,958,460,4,8,"TA","TA","RFn","CompShg","Gd","Hip"
157500,1960,498,1478,208,12,5,"Ex","TA","Unf","CompShg","TA","Gable"
154000,2004,474,1626,191,10,5,"Ex","TA","RFn","CompShg","TA","Gable"
437154,2006,706,2728,438,4,5,"Ex","TA","Fin","CompShg","TA","Hip"
318061,2007,617,1869,1869,12,5,"Ex","TA","RFn","CompShg","TA","Hip"
190000,1986,445,1453,371,12,5,"Gd","TA","RFn","CompShg","TA","Gable"
95000,1950,200,1111,0,3,6,"TA","Other","Unf","CompShg","TA","Gable"
105900,2003,484,720,624,5,8,"Gd","TA","Unf","CompShg","Gd","Gable"
140000,2000,240,1595,552,6,5,"Ex","TA","Unf","CompShg","TA","Gable"
177500,1995,521,1200,322,8,5,"Ex","Gd","RFn","CompShg","Gd","Gable"
173000,1992,400,1167,598,7,6,"Gd","TA","RFn","CompShg","TA","Gable"
130000,1958,288,1352,468,7,4,"Ex","TA","Unf","CompShg","TA","Hip"
280000,1998,592,1924,130,6,5,"Ex","TA","RFn","CompShg","TA","Gable"
156000,1978,470,912,115,6,6,"Ex","TA","RFn","CompShg","TA","Gable"
118000,2007,264,987,321,5,8,"Gd","TA","Unf","CompShg","TA","Gable"
159000,1963,514,1394,785,7,5,"Gd","TA","RFn","CompShg","TA","Gable"
132000,1954,244,1268,728,3,6,"Gd","TA","Fin","CompShg","TA","Gable"
172400,2000,460,1664,953,1,5,"Ex","TA","RFn","CompShg","TA","Gable"
134432,1959,680,1588,0,7,4,"TA",.,"Fin","CompShg","TA","Gable"
125000,1984,264,752,0,2,5,"TA","TA","Unf","CompShg","TA","Gable"
123000,1953,270,1319,0,11,6,"TA","TA","Unf","CompShg","TA","Gable"
219500,2004,434,1928,847,7,5,"Ex","TA","Fin","CompShg","TA","Gable"
340000,2005,610,2466,1580,12,5,"Ex","TA","RFn","CompShg","TA","Gable"
179000,2000,463,1800,982,6,5,"Ex","TA","Fin","CompShg","TA","Gable"
127000,1950,308,1691,808,5,6,"TA","TA","Unf","CompShg","TA","Gable"
187750,2006,572,1301,1293,8,5,"Ex","Gd","RFn","CompShg","TA","Gable"
213500,2006,639,1797,939,4,5,"Ex","TA","RFn","CompShg","TA","Gable"
76000,1950,360,784,784,10,3,"TA","Other","Unf","CompShg","TA","Gable"
240000,1992,501,1953,595,6,5,"Ex","TA","Fin","CompShg","TA","Gable"
192000,2005,430,1269,1232,4,5,"Ex","TA","Fin","CompShg","TA","Gable"
125000,1976,352,1125,410,10,6,"Ex","TA","Unf","CompShg","TA","Hip"
191000,2000,577,1479,1468,7,5,"Ex","TA","RFn","CompShg","TA","Gable"
426000,2008,846,2332,402,8,5,"Ex","TA","Fin","CompShg","TA","Gable"
119000,1950,384,1367,229,4,8,"Ex","Gd","Unf","CompShg","TA","Gable"
215000,2002,560,1961,114,6,5,"Ex","TA","Fin","CompShg","TA","Gable"
106500,1959,294,882,0,7,7,"TA",.,"RFn","CompShg","TA","Gable"
109000,1950,240,1034,735,7,6,"Gd","TA","Unf","CompShg","TA","Gable"
123000,1972,600,894,117,9,5,"TA","TA","RFn","CompShg","TA","Hip"
67000,1950,338,1077,961,11,2,"Gd","Other","Unf","CompShg","Other","Gable"
241000,2007,438,1550,280,10,5,"Ex","TA","Fin","CompShg","TA","Gable"
245500,1996,500,1288,474,12,5,"Ex","TA","Fin","CompShg","TA","Gable"
108000,1997,240,672,672,8,8,"Ex","TA","Unf","CompShg","TA","Gable"
258000,1998,420,2263,1141,7,5,"Gd","TA","Fin","CompShg","TA","Hip"
168000,1996,373,1572,806,5,5,"Gd","TA","Fin","CompShg","TA","Gable"
150000,1993,490,1620,165,6,4,"Ex","TA","Unf","CompShg","TA","Gable"
115000,1950,240,1639,1064,3,5,"Ex","TA","Unf","CompShg","TA","Gable"
177000,1976,308,1680,840,3,7,"Ex","TA","Unf","CompShg","TA","Gable"
280000,2006,947,2172,1063,8,5,"Ex","Gd","RFn","CompShg","TA","Gable"
339750,2008,836,2078,245,4,5,"Ex","TA","Fin","CompShg","TA","Gable"
60000,1958,350,1276,1276,6,3,"TA","Other","Unf","CompShg","Other","Gable"
145000,1955,572,1056,0,1,5,"TA","TA","Fin","CompShg","TA","Hip"
222000,2009,484,1478,892,6,5,"Ex","TA","Fin","CompShg","TA","Gable"
115000,1950,360,1028,1008,3,6,"Gd","TA","Unf","CompShg","TA","Gable"
228000,1993,678,2097,499,12,5,"Ex","TA","Unf","CompShg","TA","Gable"
181134,2007,396,1340,1316,8,5,"Ex","TA","Fin","CompShg","TA","Gable"
149500,1978,440,1400,463,3,7,"TA","TA","Fin","CompShg","TA","Hip"
126000,1950,240,1134,444,4,6,"Other","TA","Unf","CompShg","TA","Gable"
142000,1968,304,1056,281,7,6,"Ex","TA","Unf","CompShg","TA","Gable"
215000,2000,529,1602,356,6,7,"Gd","TA","Fin","CompShg","TA","Gable"
113000,1954,520,988,988,2,5,"Ex","TA","RFn","CompShg","TA","Hip"
315000,1998,696,2630,484,6,5,"Gd","TA","Fin","CompShg","TA","Gable"
139000,1956,297,1196,580,5,5,"Gd","TA","RFn","CompShg","TA","Gable"
275000,1989,569,1644,0,8,5,"Gd","TA","Fin","CompShg","TA","Gable"
109008,1957,352,907,619,7,6,"Ex","TA","Unf","CompShg","TA","Hip"
175000,1988,576,1412,387,3,5,"TA","TA","Unf","CompShg","TA","Gable"
85400,1971,264,987,96,7,5,"TA","TA","Unf","CompShg","TA","Gable"
181000,1998,470,1604,926,7,5,"Ex","TA","Fin","CompShg","TA","Gable"
212000,1996,550,1661,70,4,6,"Ex","TA","RFn","CompShg","TA","Gable"
116000,1950,440,1118,648,10,8,"TA","TA","Unf","CompShg","TA","Gable"
119000,2004,180,904,884,1,7,"Gd","TA","Unf","CompShg","TA","Gable"
110000,2000,528,1196,684,8,8,"Gd","Other","Unf","CompShg","TA","Gable"
555000,2008,672,2402,788,4,5,"Ex","TA","Fin","CompShg","TA","Hip"
162900,1992,360,1573,1078,6,7,"TA","TA","Unf","CompShg","TA","Gable"
172500,2007,648,1258,1258,6,5,"Ex","TA","Fin","CompShg","TA","Gable"
127500,1956,480,1689,1436,11,5,"Other","TA","Unf","CompShg","TA","Hip"
190000,2002,578,1888,557,6,6,"Ex","TA","Fin","CompShg","TA","Gable"
119500,1950,198,1376,780,6,6,"TA","TA","Unf","CompShg","TA","Gable"
120000,2002,308,1183,318,6,7,"Ex","TA","Unf","CompShg","Gd","Gable"
110000,2005,270,813,813,6,8,"Ex","TA","Unf","CompShg","TA","Hip"
280000,1975,576,1533,878,12,5,"TA","TA","Unf","Other","TA","Gable"
204000,1997,422,1756,130,7,5,"Ex","TA","Fin","CompShg","TA","Hip"
210000,2008,676,1590,768,6,5,"Ex","TA","RFn","CompShg","TA","Gable"
188000,1976,560,1728,122,7,5,"TA","TA","Unf","CompShg","TA","Gable"
98000,1950,513,1344,624,5,5,"Other","TA","Unf","CompShg","TA","Gable"
256000,1994,529,1663,248,3,6,"Ex","TA","Fin","Other","TA","Other"
110000,1950,352,1203,524,7,4,"TA","TA","Unf","CompShg","TA","Gable"
263435,2009,552,1935,288,12,5,"Ex","TA","Fin","CompShg","TA","Gable"
155000,2007,576,1135,0,4,9,"Ex","Gd","RFn","CompShg","Gd","Gable"
167000,1970,526,1277,499,4,5,"TA","Gd","Unf","Other","Gd","Other"
146500,1995,312,1644,342,6,7,"Ex","TA","Unf","CompShg","TA","Gable"
250000,2006,866,1634,1626,5,5,"Ex","TA","RFn","CompShg","TA","Gable"
148000,2005,525,1072,88,6,5,"Ex","TA","RFn","CompShg","TA","Gable"
440000,2007,908,1976,626,7,5,"Ex","TA","RFn","CompShg","TA","Gable"
251000,2000,499,1652,298,8,5,"Ex","TA","RFn","CompShg","TA","Gable"
132500,1963,624,970,340,7,6,"TA","TA","Unf","CompShg","TA","Hip"
380000,2006,694,2643,2153,3,5,"Ex","TA","Fin","CompShg","TA","Hip"
89471,2000,672,1131,739,3,7,"TA","TA","Unf","CompShg","TA","Hip"
155000,2005,164,1826,611,6,8,"Ex","TA","Unf","CompShg","TA","Gable"
164000,1998,402,1216,319,5,5,"Ex","TA","Unf","CompShg","TA","Hip"
132500,2001,264,999,411,3,7,"Gd","TA","Unf","CompShg","Gd","Gable"
156000,1965,515,1073,237,6,7,"TA","TA","RFn","CompShg","TA","Hip"
175000,1971,487,1484,486,2,6,"Gd","TA","Unf","CompShg","TA","Gable"
160000,1970,520,2414,290,5,4,"TA","Other","Unf","CompShg","Other","Gable"
86000,2002,286,630,115,5,8,"TA","TA","Unf","CompShg","Gd","Gable"
115000,1976,336,1304,264,6,6,"TA","TA","Fin","CompShg","TA","Gable"
172785,2006,429,1456,728,5,5,"Gd","TA","RFn","CompShg","TA","Gable"
155000,1960,308,1269,363,6,6,"TA","TA","Unf","CompShg","TA","Gable"
91300,1996,273,886,190,12,8,"Gd","TA","Unf","CompShg","TA","Gable"
430000,1993,546,3228,1969,5,5,"Ex","TA","RFn","CompShg","TA","Hip"
184000,1950,240,1820,697,6,6,"Ex","TA","Unf","CompShg","Gd","Gable"
130000,2004,288,899,414,6,7,"Ex","TA","Fin","CompShg","TA","Hip"
120000,1985,297,912,522,6,7,"Other","TA","Fin","CompShg","TA","Gable"
140000,1965,461,1214,420,4,7,"Ex","TA","Unf","CompShg","TA","Hip"
289000,1997,484,1801,254,3,8,"TA","TA","Fin","CompShg","TA","Gable"
124500,1952,400,1960,960,7,5,"Gd","TA","Unf","CompShg","TA","Hip"
215000,1994,471,1911,397,9,5,"Ex","TA","RFn","CompShg","TA","Gable"
161000,2005,360,1378,548,10,9,"Ex","TA","Unf","CompShg","Other","Other"
124500,1959,270,1041,50,7,6,"Ex","TA","RFn","CompShg","TA","Gable"
164900,2000,288,1363,178,6,7,"Ex","TA","Unf","CompShg","TA","Hip"
129900,1958,624,864,169,7,5,"TA","TA","Unf","CompShg","TA","Gable"
134000,1983,484,1080,748,6,5,"TA","TA","Unf","CompShg","Gd","Gable"
158000,1972,583,2119,689,8,6,"TA","TA","RFn","CompShg","TA","Gable"
265000,1997,889,2344,1264,7,5,"Ex","TA","RFn","CompShg","TA","Gable"
234000,2004,282,2080,1276,6,9,"Ex","TA","Unf","CompShg","TA","Other"
150000,1957,336,1244,467,5,6,"Ex","TA","Unf","CompShg","TA","Gable"
159000,1950,420,1664,605,10,7,"Ex","TA","Unf","CompShg","Gd","Gable"
184750,2008,884,4676,878,10,5,"Ex","TA","Fin","CompShg","TA","Hip"
132000,2000,252,928,551,6,7,"TA","TA","Unf","CompShg","TA","Hip"
446261,2008,858,2713,122,11,5,"Ex","TA","Fin","CompShg","TA","Hip"
175000,1989,600,1509,678,8,5,"Ex","TA","RFn","CompShg","TA","Gable"
107500,2007,392,827,0,4,7,"Ex",.,"Unf","CompShg","TA","Gable"
178000,2004,403,1414,707,10,5,"Ex","Gd","Fin","CompShg","TA","Gable"
188000,1999,527,1724,880,7,5,"Ex","TA","Fin","CompShg","TA","Gable"
111250,1972,576,864,264,4,5,"TA","TA","Unf","CompShg","TA","Hip"
158000,1968,336,1159,378,7,5,"TA","TA","Unf","CompShg","TA","Hip"
248000,2000,648,2285,969,6,5,"Ex","TA","Fin","CompShg","TA","Gable"
133000,1998,367,767,0,6,5,"Ex","TA","Fin","CompShg","TA","Gable"
179665,2006,426,1496,100,9,5,"Ex","Gd","RFn","CompShg","TA","Gable"
210000,1950,440,1635,765,5,7,"Ex","TA","Unf","CompShg","TA","Gable"
129500,1970,624,768,149,4,7,"Ex","TA","Unf","CompShg","Gd","Gable"
125000,1995,720,825,0,6,7,"TA","TA","RFn","CompShg","Gd","Gable"
263000,2004,615,2094,912,11,5,"Ex","TA","Fin","CompShg","TA","Gable"
140000,1977,440,1069,510,10,6,"TA","TA","RFn","CompShg","TA","Gable"
112500,1957,288,928,620,6,6,"Gd","TA","Fin","CompShg","TA","Hip"
255500,2006,908,1717,1709,7,5,"Ex","TA","RFn","CompShg","TA","Gable"
108000,2003,520,1126,0,5,5,"Ex",.,"Fin","CompShg","TA","Gable"
113000,1950,280,1048,993,8,6,"TA","Other","Unf","CompShg","TA","Gable"
141000,1957,299,1092,197,5,5,"TA","TA","Fin","CompShg","TA","Gable"
108000,1950,570,1336,0,9,6,"Gd","TA","Unf","CompShg","TA","Gable"
234000,2004,420,1557,1374,10,5,"Ex","TA","Fin","CompShg","TA","Gable"
121500,1996,528,1392,90,5,6,"TA","TA","Unf","CompShg","TA","Hip"
170000,1975,418,1389,195,4,5,"Gd","TA","RFn","CompShg","TA","Gable"
185000,1950,396,1674,1163,7,7,"Ex","TA","Fin","CompShg","TA","Gable"
268000,2000,590,2295,367,7,5,"Ex","TA","RFn","CompShg","TA","Gable"
325000,2007,656,2504,1122,6,5,"Ex","Gd","Fin","CompShg","TA","Hip"
214000,2004,532,1535,1515,3,5,"Ex","TA","RFn","CompShg","TA","Gable"
316600,2009,612,2132,55,9,8,"Ex","TA","Fin","CompShg","TA","Gable"
135960,1979,600,943,0,12,5,"TA","TA","Unf","CompShg","TA","Gable"
142600,1965,576,1728,1497,11,5,"TA","TA","Unf","CompShg","TA","Gable"
224500,2009,650,1692,846,7,5,"Gd","TA","RFn","CompShg","TA","Gable"
170000,2000,400,1430,384,12,5,"Ex","TA","RFn","CompShg","TA","Gable"
139000,2005,288,1109,23,12,7,"TA","TA","Unf","CompShg","TA","Other"
118500,1950,336,1216,390,10,5,"TA","TA","Unf","CompShg","TA","Gable"
164500,1966,564,1320,285,5,6,"Ex","TA","RFn","CompShg","TA","Gable"
146000,2007,540,1392,689,2,5,"Ex","TA","Unf","CompShg","TA","Gable"
131500,1954,352,1795,1050,11,5,"Ex","TA","Unf","CompShg","TA","Gable"
181900,1987,572,1429,331,6,6,"Ex","TA","Unf","CompShg","TA","Gable"
253293,2009,1390,2042,2042,8,5,"Ex","TA","RFn","CompShg","TA","Hip"
325000,2000,880,2775,1237,7,9,"Gd","TA","Unf","CompShg","Other","Gable"
133000,1995,240,1573,884,7,7,"Ex","TA","Unf","CompShg","TA","Gable"
369900,2006,880,2028,408,3,5,"Ex","TA","RFn","CompShg","TA","Hip"
130000,2000,275,838,0,5,7,"Ex","Gd","Fin","CompShg","Gd","Gable"
137000,1982,528,860,168,7,6,"TA","TA","Unf","CompShg","TA","Hip"
143000,2003,452,1473,113,6,8,"Ex","TA","Unf","Other","TA","Other"
79500,1960,308,935,742,8,6,"TA","TA","Unf","CompShg","TA","Gable"
185900,2004,520,1582,280,9,5,"Ex","TA","RFn","CompShg","TA","Gable"
451950,2008,842,2296,384,6,5,"Ex","TA","RFn","CompShg","TA","Gable"
140000,2003,420,848,163,5,5,"Ex","TA","Fin","CompShg","TA","Gable"
110000,1975,280,924,924,4,6,"TA","TA","Unf","CompShg","TA","Hip"
319000,2006,758,1826,392,8,5,"Ex","TA","Fin","CompShg","TA","Gable"
114504,1993,216,1368,684,10,7,"Ex","TA","Unf","CompShg","TA","Gable"
217500,1977,621,1647,0,3,6,"Ex","TA","Fin","CompShg","TA","Gable"
151000,1980,452,1556,23,7,6,"TA","TA","Fin","CompShg","Gd","Gable"
275000,2005,736,1904,512,6,5,"Ex","TA","Fin","CompShg","TA","Gable"
141000,1950,544,1375,780,12,6,"TA","TA","Unf","CompShg","Gd","Gable"
151000,2005,480,1200,600,6,5,"Ex","TA","RFn","CompShg","TA","Gable"
221000,2002,530,1494,572,9,5,"Ex","TA","RFn","CompShg","TA","Gable"
205000,1990,486,1986,314,10,6,"TA","TA","Unf","CompShg","TA","Gable"
359100,1998,380,3194,537,9,6,"TA","TA","Unf","CompShg","TA","Gable"
313000,2000,736,2153,536,5,5,"Ex","TA","Fin","CompShg","TA","Hip"
148000,1978,564,1032,427,7,6,"TA","TA","Unf","CompShg","TA","Gable"
261500,2001,531,1872,309,11,5,"Ex","TA","RFn","CompShg","TA","Gable"
183200,2003,393,1509,326,6,5,"Ex","TA","Fin","CompShg","TA","Gable"
314813,2007,774,1828,1774,7,5,"Ex","TA","Unf","CompShg","TA","Hip"
305000,2003,749,2262,611,8,5,"Ex","TA","Fin","CompShg","TA","Hip"
240000,1997,624,2614,384,6,7,"TA","TA","RFn","CompShg","TA","Gable"
135000,1977,484,980,420,7,6,"TA","TA","Unf","CompShg","TA","Gable"
168500,2000,440,1512,336,6,5,"Ex","TA","Unf","CompShg","TA","Gable"
139900,1978,286,1422,978,8,5,"TA","TA","RFn","CompShg","TA","Hip"
135000,1969,504,2080,390,9,5,"TA","TA","Unf","CompShg","TA","Gable"
168500,1964,520,1350,288,6,5,"TA","TA","RFn","Other","TA","Gable"
124000,1991,240,1750,636,6,6,"TA","Other","Unf","CompShg","TA","Gable"
209500,2006,627,1554,1530,8,5,"Ex","Gd","RFn","CompShg","TA","Gable"
82500,1977,544,1411,564,4,5,"TA","TA","Fin","CompShg","Gd","Hip"
144000,1980,576,1056,0,6,5,"Gd","TA","Unf","CompShg","TA","Gable"
93000,1954,256,1387,811,11,4,"TA","TA","Unf","CompShg","TA","Gable"
264561,2006,648,1567,366,10,5,"Ex","Gd","Fin","CompShg","TA","Hip"
274000,2004,588,1518,300,4,5,"Ex","TA","RFn","CompShg","TA","Hip"
226000,2001,650,1929,319,5,5,"Ex","TA","Fin","CompShg","TA","Gable"
345000,1995,538,2704,542,7,7,"Gd","TA","Fin","CompShg","TA","Gable"
152000,1969,462,1620,0,4,5,"Ex","TA","Fin","CompShg","TA","Other"
143250,1971,576,981,664,3,5,"TA","TA","Unf","CompShg","TA","Hip"
98300,1950,420,1048,0,7,5,"Gd",.,"Unf","CompShg","TA","Hip"
155000,1953,495,1094,594,6,5,"Ex","TA","RFn","CompShg","TA","Hip"
155000,1966,442,1839,756,6,5,"TA","TA","Unf","CompShg","TA","Gable"
135000,1995,216,1469,756,6,7,"Ex","TA","Unf","CompShg","TA","Gable"
350000,1995,839,2113,413,8,6,"Ex","TA","Fin","CompShg","Gd","Hip"
88000,1971,264,1092,525,3,5,"TA","TA","Unf","CompShg","TA","Gable"
145500,2006,312,1053,247,8,7,"Ex","TA","RFn","CompShg","TA","Gable"
149000,2000,270,1502,776,2,6,"TA","TA","RFn","CompShg","Other","Gable"
167000,1999,480,1486,849,3,7,"Ex","TA","Fin","CompShg","Gd","Hip"
197900,1976,550,1935,793,11,7,"TA","TA","RFn","CompShg","TA","Gable"
110000,1968,576,1392,1392,7,3,"Gd","Other","RFn","CompShg","TA","Hip"
137500,1972,588,1181,38,4,5,"TA","TA","RFn","CompShg","TA","Gable"
423000,2006,1134,2097,356,1,5,"Ex","TA","Fin","CompShg","TA","Gable"
168000,1987,576,1437,200,11,6,"Gd","TA","Unf","CompShg","TA","Gable"
103600,1950,300,1369,121,7,6,"TA","TA","Unf","CompShg","Gd","Other"
165000,1977,546,1208,441,6,6,"TA","TA","RFn","CompShg","TA","Gable"
148500,1978,440,1441,544,4,6,"TA","TA","Unf","CompShg","TA","Gable"
87000,1950,779,1774,1095,5,2,"Other","Other","Unf","CompShg","TA","Gable"
372500,2008,834,2046,2046,7,5,"Ex","TA","Fin","CompShg","TA","Hip"
128500,1961,572,988,161,10,5,"TA","TA","Unf","CompShg","TA","Hip"
143000,1980,264,923,261,5,5,"TA","TA","RFn","CompShg","TA","Gable"
159434,2000,281,1520,611,7,5,"Ex","TA","Unf","CompShg","TA","Gable"
173000,1997,431,1291,288,11,5,"Ex","TA","Unf","CompShg","TA","Gable"
285000,2002,702,1668,567,7,5,"Ex","TA","Fin","CompShg","TA","Hip"
221000,1998,486,1839,1195,6,5,"Gd","TA","Fin","CompShg","TA","Gable"
227875,2007,578,1761,874,8,6,"Ex","TA","Fin","CompShg","TA","Gable"
148800,2004,480,1102,312,3,5,"Ex","TA","Unf","CompShg","TA","Gable"
392000,2007,567,1419,474,10,6,"Ex","TA","RFn","CompShg","TA","Gable"
755000,1995,832,4316,989,1,6,"Ex","TA","Fin","Other","TA","Gable"
108480,1968,326,1073,1073,12,6,"Ex","TA","Unf","CompShg","TA","Gable"
141500,1950,576,1539,927,4,6,"TA","TA","Unf","CompShg","Other","Gable"
138500,2009,336,894,224,4,8,"Ex","TA","Unf","CompShg","Gd","Gable"
312500,2002,765,1800,526,5,5,"Ex","TA","Fin","CompShg","TA","Hip"
140000,1996,672,1812,360,5,9,"Gd","TA","Unf","CompShg","Gd","Gable"
213000,2005,606,1484,761,5,5,"Ex","TA","RFn","CompShg","TA","Gable"
179540,2007,400,1456,728,7,5,"Ex","TA","Fin","CompShg","TA","Hip"
102776,1950,384,1178,859,1,7,"Gd","TA","RFn","CompShg","TA","Gable"
129000,1970,576,960,171,5,5,"TA","TA","Unf","CompShg","TA","Gable"
165000,1974,478,1350,1064,8,5,"TA","TA","RFn","CompShg","TA","Hip"
159500,1998,704,2554,718,7,8,"Ex","TA","Unf","CompShg","Gd","Gable"
157000,2000,439,1178,92,11,6,"Gd","TA","Unf","CompShg","TA","Gable"
341000,1994,983,2418,138,8,5,"Ex","TA","RFn","CompShg","TA","Hip"
275000,1985,564,1742,594,12,5,"TA","TA","RFn","CompShg","TA","Gable"
143000,2004,420,848,186,5,5,"Ex","TA","RFn","CompShg","TA","Gable"
124500,1970,463,864,673,7,7,"Ex","TA","Unf","CompShg","Gd","Gable"
135000,1972,548,1470,941,5,6,"Ex","TA","Unf","CompShg","TA","Gable"
320000,2008,768,1698,464,2,5,"Ex","TA","Fin","CompShg","TA","Hip"
120500,1970,660,864,250,11,6,"TA","TA","Unf","CompShg","TA","Gable"
222000,2007,540,1680,72,12,9,"Ex","TA","Fin","CompShg","Gd","Hip"
194500,2007,632,1232,508,2,5,"Ex","TA","RFn","CompShg","TA","Gable"
110000,1958,888,1776,1584,7,5,"TA","TA","Unf","CompShg","TA","Gable"
187500,2003,438,1146,82,5,5,"Ex","TA","Fin","CompShg","TA","Gable"
222500,1999,541,2031,901,7,5,"Ex","TA","Fin","CompShg","TA","Gable"
108000,1968,300,948,948,5,5,"TA","TA","Unf","CompShg","TA","Gable"
163000,1970,320,1768,490,10,7,"Other","TA","Unf","CompShg","TA","Gable"
93500,1950,400,1040,0,7,4,"Gd",.,"Unf","CompShg","TA","Gable"
239900,2005,800,1801,893,6,5,"Ex","TA","Fin","CompShg","TA","Gable"
190000,2004,572,1728,864,4,5,"Ex","TA","RFn","CompShg","TA","Gable"
132000,2002,360,1432,264,5,7,"Ex","Other","Unf","CompShg","Gd","Gable"
179000,2001,539,1349,1349,12,5,"Ex","TA","Unf","CompShg","TA","Gable"
180000,1993,462,1337,604,10,5,"Gd","TA","RFn","CompShg","TA","Gable"
299800,1996,831,2715,487,7,9,"Ex","Gd","Fin","CompShg","Gd","Hip"
265979,2003,864,2640,1240,5,7,"TA","Other","Unf","CompShg","TA","Other"
162000,2003,400,1320,660,8,5,"Ex","TA","Fin","CompShg","TA","Gable"
275500,2005,878,2098,1030,3,5,"Gd","TA","RFn","CompShg","TA","Gable"
172500,1999,440,1471,348,3,5,"Gd","TA","Unf","CompShg","TA","Gable"
212000,2007,578,1768,846,4,5,"Ex","TA","RFn","CompShg","TA","Gable"
158900,1978,440,1386,234,4,5,"TA","TA","Fin","CompShg","TA","Hip"
127500,1959,300,864,252,10,6,"Ex","TA","Unf","CompShg","TA","Hip"
1e+05,1950,440,1301,740,10,5,"TA","TA","Unf","CompShg","TA","Gable"
215200,2009,614,1547,732,6,5,"Ex","TA","Unf","CompShg","TA","Gable"
337000,1999,856,2365,89,7,5,"Ex","TA","RFn","CompShg","TA","Gable"
270000,1996,481,1494,0,4,5,"Ex","Gd","Fin","CompShg","Gd","Hip"
264132,2008,592,1506,1498,8,5,"Ex","TA","Fin","CompShg","TA","Gable"
196500,1988,496,1714,586,3,5,"TA","TA","Unf","CompShg","TA","Gable"
160000,1985,423,1750,323,7,7,"Ex","TA","Unf","CompShg","TA","Gable"
216837,2005,484,1836,1836,10,5,"Ex","TA","Fin","CompShg","TA","Hip"
134900,1982,576,858,173,4,5,"TA","TA","Unf","CompShg","TA","Hip"
102000,1951,396,1220,0,4,5,"TA","Other","Unf","CompShg","TA","Gable"
395000,2006,895,1973,1935,7,5,"Gd","TA","Fin","CompShg","TA","Hip"
162000,1998,412,1204,338,6,5,"Ex","TA","Fin","CompShg","TA","Hip"
221500,2006,865,1614,1594,7,5,"Ex","TA","RFn","CompShg","TA","Gable"
144000,1977,630,2020,0,10,5,"TA",.,"Unf","CompShg","TA","Gable"
135000,1977,504,1004,0,5,5,"TA","TA","Unf","CompShg","TA","Gable"
176000,1996,402,1253,1237,6,5,"Gd","Gd","Fin","CompShg","TA","Gable"
175900,1992,484,1603,374,7,5,"Ex","TA","RFn","CompShg","Gd","Gable"
187100,2002,605,1430,1413,6,5,"Ex","TA","RFn","CompShg","TA","Gable"
165500,1978,602,1110,0,7,6,"Ex","TA","Fin","CompShg","Gd","Gable"
161500,1967,457,1342,491,9,5,"TA","TA","Unf","CompShg","TA","Gable"
139000,1950,416,1652,0,6,6,"TA","TA","Unf","CompShg","Gd","Gable"
233000,2004,618,2084,300,1,5,"Ex","TA","RFn","CompShg","TA","Gable"
107900,2000,281,901,901,8,7,"Ex","TA","Unf","CompShg","TA","Gable"
187500,2007,444,2087,264,7,8,"Gd","Other","Fin","CompShg","TA","Gable"
160200,2006,397,1145,1129,9,5,"Ex","TA","Fin","CompShg","TA","Gable"
146800,1976,539,1062,490,5,5,"TA","TA","RFn","CompShg","TA","Gable"
269790,1997,455,2013,255,6,5,"Ex","TA","Unf","CompShg","TA","Gable"
225000,2007,474,1496,1496,6,5,"Ex","TA","Fin","CompShg","TA","Gable"
194500,1996,409,1895,712,10,5,"Ex","TA","Fin","CompShg","TA","Gable"
171000,1981,476,1564,650,4,6,"TA","TA","Unf","CompShg","TA","Gable"
110000,1953,240,773,203,4,5,"Gd","TA","Unf","CompShg","TA","Gable"
485000,2009,820,3140,1926,7,5,"Ex","TA","Fin","CompShg","TA","Hip"
175000,1950,240,1768,162,6,7,"Ex","TA","Unf","CompShg","TA","Gable"
109900,1990,440,1196,999,7,7,"Ex","TA","Unf","CompShg","TA","Gable"
189000,2005,410,1456,80,10,5,"Ex","TA","Fin","CompShg","TA","Gable"
582933,2009,1020,2822,1734,1,5,"Ex","TA","RFn","CompShg","TA","Hip"
118000,1954,286,1128,124,6,5,"TA","TA","Unf","CompShg","TA","Gable"
135500,1967,384,980,100,10,5,"Gd","TA","Fin","CompShg","TA","Gable"
223500,2004,528,1576,15,5,6,"Ex","TA","RFn","CompShg","TA","Gable"
159950,1966,484,1086,380,6,5,"TA","TA","RFn","CompShg","TA","Gable"
106000,1965,360,2138,849,11,5,"TA","TA","Unf","CompShg","TA","Hip"
181000,1999,484,1309,0,1,6,"Other","TA","RFn","CompShg","TA","Hip"
144500,2004,420,848,186,6,5,"Ex","TA","Fin","CompShg","TA","Gable"
55993,1952,504,1044,540,6,5,"TA","TA","Unf","CompShg","TA","Hip"
116000,1950,280,1250,686,7,7,"Gd","TA","Unf","CompShg","TA","Gable"
224900,1998,598,1661,1649,5,5,"Ex","TA","RFn","CompShg","TA","Gable"
155000,1971,440,1052,506,6,7,"Gd","TA","Unf","CompShg","TA","Gable"
183000,2003,595,1640,798,6,5,"Ex","TA","RFn","CompShg","TA","Gable"
93000,1953,576,936,936,2,4,"TA","TA","Unf","CompShg","TA","Gable"
225000,2003,433,1733,847,10,5,"Ex","TA","Fin","CompShg","TA","Gable"
139500,1950,240,1489,778,7,7,"TA","TA","Unf","CompShg","TA","Gable"
385000,2008,1220,2084,442,6,5,"Ex","TA","Fin","CompShg","TA","Hip"
189000,2001,527,1434,1434,4,5,"Ex","TA","RFn","CompShg","TA","Gable"
185000,1967,538,2126,0,6,5,"TA","Gd","Fin","Other","TA","Other"
166000,1957,458,1392,352,6,5,"TA","TA","RFn","CompShg","TA","Gable"
151000,2005,480,1200,600,6,5,"Ex","TA","RFn","CompShg","TA","Gable"
167000,1964,472,1516,975,2,6,"TA","TA","RFn","CompShg","TA","Gable"
139950,1961,456,1144,572,9,6,"Gd","TA","Unf","CompShg","TA","Gable"
128000,1995,436,1067,625,2,7,"TA","TA","Unf","CompShg","TA","Gable"
1e+05,1973,264,987,153,11,5,"TA","TA","Unf","CompShg","TA","Gable"
130500,1995,240,1200,416,5,6,"Ex","TA","Unf","CompShg","TA","Gable"
140000,1950,400,1482,516,3,8,"TA","TA","Unf","CompShg","TA","Gable"
157500,2002,686,1539,650,6,8,"Gd","TA","Unf","CompShg","TA","Gable"
174900,1966,490,1165,276,5,7,"TA","TA","RFn","CompShg","TA","Gable"
153900,1950,720,1416,876,6,8,"Gd","TA","Unf","CompShg","TA","Gable"
240000,1997,360,2358,907,9,8,"TA","TA","Unf","CompShg","TA","Gable"
187000,1994,512,1855,528,8,7,"Ex","TA","RFn","CompShg","Gd","Hip"
215000,2003,400,1456,1273,5,5,"Ex","TA","Fin","CompShg","TA","Gable"
158000,1964,645,1445,563,8,6,"TA","TA","RFn","CompShg","Gd","Gable"
170000,1974,454,1779,372,7,4,"TA","TA","Unf","CompShg","TA","Hip"
127000,2010,260,1040,381,4,8,"Ex","TA","Unf","CompShg","Gd","Gable"
174000,1995,343,1481,702,3,5,"Gd","TA","Fin","CompShg","TA","Gable"
152000,1976,479,1370,1090,6,5,"TA","TA","RFn","CompShg","TA","Gable"
250000,1984,619,2654,435,8,7,"TA","TA","Unf","CompShg","TA","Gable"
189950,1998,216,1426,912,6,8,"Gd","TA","Unf","CompShg","TA","Gable"
131500,1965,504,1039,198,4,4,"Ex","TA","Unf","CompShg","TA","Hip"
152000,1985,480,1097,702,5,5,"TA","TA","Unf","CompShg","TA","Hip"
132500,1959,672,1148,0,7,5,"TA","TA","Unf","CompShg","TA","Hip"
250580,2008,529,1372,1372,5,5,"Ex","TA","Fin","CompShg","TA","Gable"
148500,1970,902,1002,174,8,6,"TA","TA","Unf","CompShg","TA","Gable"
248900,2007,870,1646,1638,11,5,"Ex","TA","RFn","CompShg","TA","Gable"
169000,1950,672,2320,0,5,6,"Gd",.,"Unf","CompShg","TA","Gable"
200500,1998,523,1682,299,6,5,"Ex","TA","RFn","CompShg","TA","Gable"
116000,1996,414,910,105,10,7,"Gd","TA","Unf","CompShg","TA","Gable"
133000,1950,288,1268,457,9,7,"Gd","TA","Unf","CompShg","TA","Gable"
66500,1950,200,1131,676,8,6,"Ex","TA","Unf","CompShg","TA","Gable"
303477,2007,550,2610,1120,8,5,"Ex","TA","Fin","CompShg","TA","Gable"
132250,1963,648,1040,431,1,5,"Gd","TA","Unf","CompShg","TA","Gable"
148000,1995,576,1155,210,6,7,"TA","TA","Unf","CompShg","TA","Gable"
136500,2005,336,864,218,7,8,"Ex","TA","Unf","CompShg","Gd","Gable"
157000,2006,450,1090,110,6,5,"Gd","Gd","Fin","CompShg","TA","Gable"
178000,1993,389,1593,808,12,5,"Gd","TA","RFn","CompShg","TA","Gable"
118500,1950,440,2230,795,3,5,"TA","Other","Unf","CompShg","TA","Gable"
1e+05,1967,288,892,460,7,5,"TA","TA","RFn","CompShg","TA","Gable"
328900,2000,506,1709,460,1,5,"Ex","TA","Fin","CompShg","TA","Gable"
135500,1955,300,1393,816,4,7,"TA","TA","Unf","CompShg","Gd","Gable"
268000,1970,621,2217,1043,10,6,"Ex","Gd","Unf","Other","Gd","Other"
149500,1953,505,1505,481,2,4,"Ex","TA","RFn","CompShg","TA","Hip"
165000,1954,354,1383,319,6,5,"TA","TA","Unf","CompShg","TA","Gable"
118858,1979,400,1535,0,6,5,"TA",.,"Unf","CompShg","TA","Gable"
140000,1963,483,1796,380,10,5,"TA","TA","RFn","CompShg","TA","Hip"
106500,1950,327,951,666,4,6,"Ex","TA","Unf","CompShg","TA","Gable"
142953,1979,528,2240,0,6,5,"TA",.,"Unf","CompShg","TA","Gable"
611657,2010,820,2364,142,3,5,"Ex","TA","Fin","CompShg","TA","Hip"
135000,1994,288,1236,447,6,7,"TA","TA","Unf","CompShg","TA","Gable"
110000,1971,684,858,536,6,6,"TA","TA","Unf","CompShg","TA","Gable"
153000,2000,756,1306,132,5,7,"TA","TA","Unf","CompShg","Gd","Hip"
180000,2003,393,1509,783,7,5,"Ex","TA","Fin","CompShg","TA","Gable"
240000,2006,690,1670,1670,8,5,"Ex","TA","RFn","CompShg","TA","Hip"
125500,1967,288,902,277,8,6,"TA","TA","Unf","CompShg","TA","Gable"
128000,1954,280,1063,412,2,5,"TA","TA","RFn","CompShg","TA","Gable"
255000,2006,865,1636,1560,6,5,"Ex","TA","RFn","CompShg","TA","Gable"
131000,1983,484,902,239,6,5,"TA","TA","Unf","CompShg","TA","Gable"
154300,1960,480,2274,662,1,5,"TA","TA","Unf","CompShg","TA","Gable"
88000,1950,450,1015,279,7,7,"TA","TA","Unf","CompShg","TA","Gable"
145000,1950,871,2002,717,8,6,"TA","TA","Unf","CompShg","TA","Gable"
173733,2009,528,1224,318,6,5,"Ex","TA","RFn","CompShg","TA","Gable"
75000,1970,286,1092,546,1,5,"Other","TA","Unf","CompShg","TA","Gable"
35311,1950,308,480,430,10,3,"TA","TA","Unf","CompShg","TA","Gable"
135000,1956,284,1229,75,4,6,"Ex","TA","RFn","CompShg","TA","Gable"
176500,2002,601,1414,245,5,8,"Ex","TA","Unf","CompShg","TA","Hip"
201000,1994,471,1721,114,7,5,"Ex","Gd","RFn","CompShg","Gd","Gable"
169990,2006,397,1316,1288,10,5,"Ex","TA","Fin","CompShg","TA","Gable"
193000,1994,533,1617,598,7,5,"Ex","TA","RFn","CompShg","TA","Gable"
207500,1980,612,1686,0,5,6,"TA","TA","Unf","CompShg","Gd","Gable"
175000,1977,540,1126,266,3,6,"TA","TA","RFn","CompShg","TA","Gable"
285000,2004,656,2374,1181,5,5,"Ex","TA","Fin","CompShg","TA","Hip"
176000,1968,486,1978,280,4,5,"Gd","TA","RFn","CompShg","TA","Gable"
236500,2001,522,1788,1753,6,5,"Ex","TA","RFn","CompShg","TA","Hip"
201000,2007,610,1466,1450,7,5,"Ex","TA","Fin","CompShg","TA","Gable"
117500,1965,429,925,121,7,6,"Ex","TA","Unf","CompShg","TA","Gable"
320000,2006,788,1905,1905,3,5,"Ex","Gd","Fin","CompShg","TA","Hip"
242000,2007,505,2069,160,11,7,"Ex","TA","RFn","Other","TA","Other"
79900,1953,528,747,600,6,5,"Gd","TA","Unf","CompShg","Gd","Gable"
253000,2005,689,1971,772,2,5,"Ex","TA","RFn","CompShg","TA","Gable"
239799,2006,868,1962,927,8,5,"Ex","Gd","RFn","CompShg","TA","Gable"
244400,1950,349,2403,1032,6,7,"Ex","TA","Unf","CompShg","Gd","Gable"
150900,1976,574,1728,396,7,5,"TA","TA","Unf","CompShg","TA","Gable"
214000,1999,390,2060,220,6,5,"Ex","TA","RFn","CompShg","TA","Gable"
143000,1967,576,1632,1632,6,4,"TA","TA","Unf","CompShg","TA","Gable"
137500,1958,525,1344,354,1,6,"Gd","TA","RFn","CompShg","TA","Gable"
192500,2002,474,1776,936,2,5,"Ex","TA","RFn","CompShg","TA","Gable"
129000,2002,720,864,317,7,8,"Gd","TA","RFn","CompShg","TA","Gable"
119900,1965,300,965,187,7,5,"Gd","TA","Unf","CompShg","TA","Gable"
133900,2003,396,768,108,4,8,"Gd","TA","Fin","CompShg","Gd","Gable"
172000,1969,530,1968,29,9,4,"Ex","TA","RFn","CompShg","TA","Gable"
124000,1980,462,1229,276,5,6,"TA","TA","Fin","CompShg","TA","Gable"
132000,1962,576,1057,640,4,5,"TA","TA","Fin","CompShg","TA","Hip"
185000,2003,531,1337,638,10,5,"Ex","TA","RFn","CompShg","TA","Gable"
155000,1999,484,1416,92,5,5,"Ex","TA","Unf","CompShg","TA","Hip"
272000,1995,619,2872,434,7,7,"TA","Gd","Fin","CompShg","Gd","Gable"
155000,1976,440,1548,248,7,6,"TA","TA","Unf","CompShg","TA","Gable"
178900,2007,393,1484,783,7,5,"Ex","TA","Fin","CompShg","TA","Gable"
160000,1950,256,1308,300,6,7,"Ex","Other","Unf","CompShg","Gd","Gable"
135000,1955,260,1098,196,7,7,"TA","TA","Unf","CompShg","TA","Hip"
140000,1958,264,1095,75,3,5,"TA","TA","RFn","CompShg","Other","Hip"
99500,1979,264,918,918,4,5,"TA","TA","Unf","CompShg","TA","Gable"
167500,1993,532,2019,728,10,8,"TA","TA","Unf","CompShg","Gd","Gable"
165000,2000,490,1382,32,4,5,"Ex","TA","Unf","CompShg","TA","Gable"
139000,1963,480,1121,470,6,6,"TA","TA","Unf","CompShg","TA","Gable"
178400,2007,588,999,77,7,9,"Gd","TA","RFn","CompShg","TA","Gable"
336000,1999,676,2612,371,7,5,"Ex","TA","Fin","CompShg","TA","Hip"
159895,2007,388,1266,1266,3,5,"Ex","TA","Fin","CompShg","TA","Gable"
126000,1977,539,1734,0,8,5,"TA",.,"Unf","CompShg","TA","Gable"
195000,1976,551,2030,692,6,6,"TA","TA","Fin","CompShg","TA","Gable"
168000,1986,424,1742,700,11,9,"Gd","TA","Unf","CompShg","Gd","Gable"
337500,2007,786,1718,528,7,5,"Ex","TA","Fin","CompShg","TA","Hip"
121600,1950,305,1230,363,8,7,"TA","TA","Unf","CompShg","TA","Gable"
185000,1970,615,1442,1442,2,6,"TA","TA","RFn","CompShg","TA","Hip"
91000,1950,210,1077,1007,5,4,"Other","Other","Unf","CompShg","TA","Hip"
206000,2006,632,1208,501,2,5,"Ex","TA","RFn","CompShg","TA","Gable"
82000,1952,528,944,0,7,3,"Other",.,"Unf","Other","TA","Other"
86000,1950,216,691,691,1,6,"Ex","TA","Unf","CompShg","TA","Gable"
232000,2006,824,1574,1550,7,5,"Ex","TA","RFn","CompShg","TA","Gable"
136905,1976,528,1680,1680,6,6,"Other","TA","Unf","CompShg","TA","Gable"
149900,1977,328,985,390,11,8,"TA","Gd","Unf","CompShg","TA","Gable"
163500,1970,484,1657,420,3,3,"Gd","TA","Unf","CompShg","TA","Gable"
88000,1970,286,1092,0,8,4,"TA","TA","RFn","CompShg","TA","Gable"
240000,2005,550,1710,1710,4,5,"Ex","TA","Fin","CompShg","TA","Hip"
165000,1996,180,1502,602,8,7,"TA","Other","Unf","CompShg","Gd","Hip"
85000,2006,280,1022,310,6,4,"TA","TA","Unf","CompShg","TA","Hip"
119200,1950,240,1082,746,11,5,"TA","Other","Unf","CompShg","TA","Gable"
227000,2001,528,1665,167,11,6,"Ex","TA","Fin","CompShg","TA","Gable"
203000,1996,478,1504,814,6,5,"Ex","TA","Fin","CompShg","TA","Hip"
176000,2005,451,1132,108,6,5,"Ex","TA","Fin","CompShg","TA","Gable"
194000,2006,632,1220,515,7,5,"Ex","TA","RFn","CompShg","TA","Gable"
87000,1950,160,1248,588,3,5,"Gd","TA","Unf","CompShg","TA","Gable"
191000,2006,437,1504,1330,5,5,"Ex","Gd","Fin","CompShg","TA","Gable"
112500,1972,461,882,276,3,5,"TA","TA","Unf","CompShg","TA","Gable"
293077,2008,800,1646,125,4,5,"Ex","TA","RFn","CompShg","TA","Gable"
118000,1972,264,1218,355,5,7,"Gd","TA","Unf","CompShg","TA","Gable"
197000,1970,672,3082,301,8,3,"Ex","TA","Fin","CompShg","TA","Gable"
230000,2002,900,1654,668,2,5,"Ex","TA","Unf","CompShg","TA","Gable"
119750,1950,240,954,920,6,7,"Ex","Other","Unf","CompShg","Gd","Gable"
84000,1957,290,845,0,1,3,"Ex",.,"Unf","CompShg","Gd","Gable"
315500,2008,912,1620,598,9,5,"Ex","TA","Fin","CompShg","TA","Hip"
80000,1970,286,630,121,4,4,"TA","TA","Unf","CompShg","TA","Gable"
155000,2000,484,1803,284,1,4,"Ex","TA","RFn","CompShg","TA","Gable"
173000,2000,484,1632,336,7,8,"Gd","TA","Unf","CompShg","TA","Hip"
196000,2005,624,1306,406,8,5,"Ex","TA","RFn","CompShg","TA","Gable"
262280,1990,514,2329,390,5,5,"Ex","TA","Unf","CompShg","TA","Hip"
278000,1981,542,2524,1420,7,5,"TA","TA","Fin","Other","TA","Hip"
139600,1955,452,1733,0,6,5,"Ex",.,"Unf","CompShg","TA","Hip"
145000,1995,672,990,304,2,5,"Ex","TA","Unf","CompShg","TA","Gable"
84900,2006,308,930,0,4,7,"Ex",.,"Unf","CompShg","TA","Gable"
176485,2007,436,1302,1302,8,5,"Ex","TA","Fin","CompShg","TA","Gable"
200141,2007,440,1316,1316,10,5,"Ex","TA","Fin","CompShg","TA","Gable"
165000,1978,540,1977,374,6,6,"TA","TA","RFn","CompShg","TA","Gable"
255000,2002,586,1989,133,11,5,"Ex","TA","Fin","CompShg","TA","Gable"
180000,1976,478,1523,549,5,5,"TA","TA","Fin","CompShg","TA","Gable"
185850,2005,484,1364,705,6,5,"Ex","TA","RFn","CompShg","TA","Gable"
248000,1994,467,1850,378,1,6,"Ex","TA","Fin","CompShg","TA","Gable"
335000,2008,836,2184,168,7,5,"Ex","TA","Fin","CompShg","TA","Gable"
220000,1950,432,1991,0,3,7,"TA","TA","Unf","CompShg","TA","Gable"
213500,2001,582,1338,722,4,5,"Ex","TA","Fin","CompShg","TA","Gable"
81000,1950,1248,894,894,8,4,"TA","TA","RFn","CompShg","TA","Gable"
90000,1950,560,2337,662,9,5,"TA","TA","Unf","CompShg","TA","Gable"
110500,1980,440,1103,706,7,6,"Gd","TA","Unf","CompShg","Gd","Gable"
154000,1966,480,1154,184,11,6,"Ex","TA","RFn","CompShg","TA","Gable"
328000,1997,533,2260,105,4,5,"Ex","TA","RFn","CompShg","TA","Gable"
178000,1994,380,1571,799,5,7,"Gd","TA","RFn","CompShg","TA","Gable"
167900,1964,442,1611,0,6,6,"TA","TA","RFn","CompShg","TA","Gable"
151400,1973,576,2521,105,6,4,"Gd","TA","Fin","CompShg","TA","Gable"
135000,2003,576,893,625,5,7,"TA","TA","Unf","CompShg","TA","Gable"
135000,1956,286,1048,462,6,5,"TA","TA","Unf","CompShg","TA","Hip"
91500,1950,280,1456,810,8,3,"Other","Other","Unf","CompShg","TA","Gable"
159500,1977,440,1426,155,7,6,"TA","TA","Fin","CompShg","TA","Hip"
219500,1984,240,1740,390,7,6,"TA","TA","Unf","CompShg","TA","Gable"
170000,1989,566,1466,170,4,8,"Gd","TA","Unf","CompShg","TA","Gable"
138800,1969,299,1096,230,3,5,"Ex","TA","Fin","CompShg","TA","Gable"
155900,2004,420,848,186,5,5,"Ex","TA","RFn","CompShg","TA","Gable"
126000,1994,299,990,495,4,5,"Gd","TA","Unf","CompShg","TA","Gable"
133000,1963,308,1040,216,6,5,"Other","TA","Fin","CompShg","TA","Gable"
160000,1964,461,1251,698,3,6,"TA","TA","RFn","CompShg","TA","Hip"
187500,1996,409,1498,99,7,5,"Gd","TA","Fin","CompShg","TA","Gable"
147000,1992,564,996,189,4,6,"Ex","TA","Unf","CompShg","TA","Gable"
83500,1973,286,1092,212,5,5,"TA","TA","RFn","CompShg","TA","Gable"
252000,2006,1043,1953,1082,5,5,"Ex","TA","RFn","CompShg","TA","Gable"
137500,2004,380,1709,970,4,5,"Ex","TA","Unf","CompShg","TA","Gable"
92900,1950,400,1040,0,6,4,"Other",.,"Unf","CompShg","TA","Gable"
160000,2000,462,1252,90,3,5,"Ex","TA","Unf","CompShg","TA","Gable"
136500,1950,576,1694,758,6,5,"Other","TA","Unf","CompShg","TA","Gable"
146000,1998,884,1200,203,10,8,"Gd","TA","Unf","CompShg","TA","Hip"
170000,1986,461,1088,1074,10,5,"Ex","TA","RFn","CompShg","TA","Gable"
128000,1950,240,1324,0,7,6,"TA","TA","Unf","CompShg","TA","Gable"
157000,1978,478,1601,567,4,5,"TA","TA","RFn","CompShg","TA","Gable"
60000,1950,246,438,0,1,5,"TA","Other","Unf","CompShg","TA","Gable"
119500,1971,280,950,251,7,5,"TA","TA","Unf","CompShg","TA","Gable"
135000,2002,254,1134,422,4,7,"Ex","TA","RFn","CompShg","TA","Gable"
159500,1959,539,1194,0,7,6,"Ex","TA","Fin","CompShg","TA","Hip"
106000,1970,440,1302,630,4,5,"TA","TA","Unf","CompShg","TA","Gable"
325000,1995,712,2622,431,4,5,"Ex","TA","RFn","CompShg","TA","Gable"
179900,1991,719,1442,172,5,5,"Gd","TA","Fin","CompShg","TA","Hip"
274725,2006,422,2021,868,9,5,"Ex","Gd","RFn","CompShg","TA","Gable"
181000,2000,463,1690,924,11,5,"Ex","TA","RFn","CompShg","TA","Gable"
280000,2005,862,1836,797,3,5,"Ex","TA","Fin","CompShg","TA","Gable"
188000,1996,431,1658,554,6,5,"Gd","TA","Fin","CompShg","TA","Gable"
205000,1976,483,1964,400,9,6,"TA","TA","RFn","CompShg","TA","Hip"
129900,1957,308,816,108,7,7,"TA","TA","Unf","CompShg","TA","Gable"
134500,2006,240,1008,365,5,7,"Gd","TA","Unf","CompShg","TA","Gable"
117000,2000,326,833,418,8,7,"Ex","TA","Unf","CompShg","Gd","Gable"
318000,2007,928,1734,730,11,5,"Ex","TA","RFn","CompShg","TA","Hip"
184100,2002,527,1419,55,3,5,"Ex","TA","Fin","CompShg","TA","Hip"
130000,2003,450,894,192,5,7,"Ex","TA","RFn","CompShg","TA","Gable"
140000,1987,300,1601,533,12,6,"TA","TA","RFn","CompShg","Gd","Gable"
133700,1959,286,1040,671,7,5,"TA","TA","RFn","CompShg","TA","Gable"
118400,1950,308,1012,1012,5,5,"TA","TA","Unf","CompShg","TA","Gable"
212900,2006,782,1552,1528,7,5,"Ex","TA","RFn","CompShg","TA","Gable"
112000,1956,288,960,672,10,3,"Ex","TA","Unf","CompShg","TA","Gable"
115000,1955,672,1005,1005,11,5,"TA","TA","Unf","CompShg","TA","Gable"
215000,2005,434,1959,847,7,5,"Ex","TA","Fin","CompShg","TA","Gable"
140000,1980,672,936,0,8,5,"TA","TA","Unf","CompShg","TA","Gable"
135000,1950,576,1981,500,12,3,"TA","TA","Unf","CompShg","TA","Gable"
117500,1950,205,2210,1008,5,4,"TA","TA","Unf","CompShg","TA","Gable"
239500,1995,466,2020,544,6,5,"Ex","TA","RFn","CompShg","TA","Gable"
169000,1997,460,1600,916,8,5,"Gd","TA","Fin","CompShg","TA","Gable"
102000,1950,180,986,960,5,5,"TA","TA","Unf","CompShg","TA","Gable"
119000,1950,288,1252,752,4,5,"TA","TA","Unf","CompShg","TA","Gable"
196000,1977,714,1567,0,5,5,"TA","TA","RFn","CompShg","TA","Gable"
144000,1950,495,1167,270,5,5,"TA","TA","Unf","CompShg","Other","Gable"
139000,1951,840,952,100,6,7,"TA","TA","Unf","CompShg","TA","Gable"
197500,1976,484,1868,399,10,7,"Ex","TA","Unf","CompShg","Gd","Gable"
80000,1950,280,924,324,7,4,"Other","TA","Unf","CompShg","Other","Gable"
149000,1950,225,1576,1042,8,6,"Ex","TA","Unf","CompShg","TA","Gable"
180000,1985,403,1298,40,5,5,"TA","TA","Unf","CompShg","TA","Gable"
174500,1950,234,1564,429,7,7,"Ex","TA","Unf","CompShg","TA","Gable"
143000,1988,324,1482,26,7,9,"Ex","TA","Unf","CompShg","Gd","Hip"
124000,1950,306,932,932,11,5,"Ex","TA","Unf","CompShg","TA","Gable"
149900,1959,528,1466,1290,11,4,"TA","TA","Fin","CompShg","TA","Gable"
120500,2007,432,816,278,6,8,"Ex","TA","Unf","CompShg","Gd","Gable"
218000,2004,528,1437,280,7,8,"TA","TA","RFn","CompShg","Gd","Gable"
185000,1974,540,1876,459,7,6,"TA","TA","RFn","CompShg","TA","Hip"
146000,1978,440,1456,544,7,5,"Other","TA","Unf","CompShg","TA","Gable"
224000,2006,924,1640,568,11,7,"Ex","TA","Unf","CompShg","TA","Hip"
108959,1969,400,1258,0,1,4,"TA","TA","Unf","CompShg","TA","Gable"
233170,2009,644,1502,1502,9,5,"Ex","TA","RFn","CompShg","TA","Gable"
173000,2000,472,1671,173,2,5,"Ex","TA","Fin","CompShg","TA","Gable"
625000,1996,807,3627,543,7,5,"Ex","TA","Fin","CompShg","Gd","Hip"
171000,1977,358,1118,574,7,6,"TA","TA","Fin","CompShg","TA","Gable"
163000,1958,433,1261,599,11,6,"Ex","TA","RFn","CompShg","TA","Hip"
171900,2007,625,1250,625,3,5,"Ex","TA","Fin","CompShg","TA","Gable"
239000,1950,360,2345,449,7,8,"TA","TA","Unf","CompShg","TA","Gable"
119500,1985,264,923,218,10,5,"TA","TA","Unf","CompShg","TA","Gable"
115000,2004,210,1224,350,12,8,"TA","TA","Unf","CompShg","TA","Gable"
250000,1991,693,2514,0,4,5,"Ex","TA","Fin","CompShg","TA","Gable"
392500,2008,482,1652,120,11,5,"Ex","TA","Fin","CompShg","TA","Hip"
745000,1996,813,4476,300,7,5,"Ex","TA","Fin","CompShg","TA","Hip"
120000,1950,720,1130,299,6,6,"Ex","TA","Unf","CompShg","TA","Hip"
186700,1963,995,1572,413,5,4,"Gd","TA","RFn","CompShg","TA","Hip"
104900,1950,392,1221,392,3,7,"Gd","TA","Unf","CompShg","Gd","Gable"
95000,1970,420,1699,538,8,5,"TA","TA","Unf","CompShg","TA","Gable"
195000,2002,493,1660,831,7,5,"Ex","TA","RFn","CompShg","TA","Gable"
189000,1999,442,1804,994,6,5,"Gd","TA","Fin","CompShg","TA","Gable"
168000,1975,1356,1622,90,3,4,"Ex","TA","Fin","CompShg","Gd","Gable"
174000,2000,492,1441,776,11,5,"Ex","TA","Unf","CompShg","TA","Gable"
125000,1994,250,1472,702,7,8,"Gd","TA","Unf","CompShg","TA","Other"
165000,1999,402,1224,341,6,5,"Ex","TA","Fin","CompShg","TA","Hip"
158000,1969,299,1352,292,3,7,"TA","TA","Fin","CompShg","TA","Gable"
219210,2006,660,1863,879,11,5,"Ex","TA","Fin","CompShg","TA","Gable"
148000,1979,459,1382,504,10,5,"Gd","TA","Unf","CompShg","TA","Gable"
116050,1970,280,864,864,7,5,"Gd","TA","Unf","CompShg","TA","Gable"
197900,1998,546,1779,866,3,5,"Ex","TA","RFn","CompShg","TA","Gable"
213000,2001,451,1630,1630,10,5,"Ex","TA","Unf","CompShg","TA","Gable"
153500,1975,495,1074,268,7,6,"Ex","TA","RFn","CompShg","TA","Gable"
271900,1991,701,2196,1496,6,7,"Gd","TA","RFn","CompShg","TA","Hip"
107000,1966,384,1056,0,11,4,"TA","TA","Unf","CompShg","TA","Gable"
140000,1980,506,1283,319,10,7,"TA","TA","Unf","CompShg","Gd","Gable"
290000,2006,500,1660,440,5,5,"Ex","TA","RFn","CompShg","TA","Hip"
189000,1992,462,1845,1055,5,5,"Ex","TA","RFn","CompShg","TA","Gable"
113000,1950,234,672,328,8,6,"TA","TA","Unf","CompShg","TA","Hip"
145000,2001,364,960,0,5,9,"Ex","Gd","Unf","CompShg","Gd","Gable"
134500,1962,300,999,141,5,5,"TA","TA","Unf","CompShg","TA","Gable"
125000,1966,384,894,340,5,5,"TA","TA","RFn","CompShg","TA","Gable"
229456,2009,552,1314,364,9,5,"Ex","TA","RFn","CompShg","TA","Gable"
134000,1968,322,1211,210,8,5,"Ex","TA","Unf","CompShg","TA","Hip"
143000,1950,315,1846,844,1,6,"Ex","TA","Unf","CompShg","TA","Gable"
137900,1951,528,2136,1380,10,3,"TA","Other","Unf","CompShg","TA","Hip"
184000,2005,388,1490,64,2,5,"Ex","TA","Fin","CompShg","TA","Gable"
145000,1958,264,1138,81,6,8,"Ex","TA","RFn","CompShg","Gd","Hip"
214000,2007,668,1933,894,1,5,"Ex","TA","Fin","CompShg","TA","Gable"
147000,2008,576,912,317,12,8,"Ex","TA","Unf","CompShg","TA","Gable"
367294,2008,1052,1702,162,10,5,"Ex","TA","Fin","CompShg","TA","Hip"
127000,1960,404,1507,409,8,5,"Gd","TA","Unf","CompShg","TA","Hip"
190000,1977,600,2620,652,8,5,"Ex","TA","RFn","CompShg","TA","Other"
132500,1962,540,1190,303,5,6,"TA","TA","Unf","CompShg","TA","Hip"
101800,1962,462,1224,0,3,5,"TA",.,"Unf","CompShg","TA","Gable"
138887,1950,180,1784,747,7,5,"Gd","TA","Unf","CompShg","TA","Gable"
175500,2003,474,1626,764,6,5,"Ex","TA","RFn","CompShg","TA","Gable"
265900,2006,472,1484,1048,12,5,"Ex","TA","RFn","CompShg","TA","Hip"
224900,2003,543,1768,334,7,5,"Ex","TA","RFn","CompShg","TA","Gable"
248328,2007,954,1689,1689,6,6,"Ex","TA","RFn","CompShg","TA","Hip"
170000,1974,528,1173,0,1,6,"TA","TA","RFn","CompShg","TA","Gable"
178000,2003,477,1868,585,1,7,"Ex","TA","Fin","CompShg","TA","Hip"
186500,2006,615,1553,756,3,5,"Ex","TA","RFn","CompShg","TA","Gable"
169900,1976,888,1034,473,5,5,"TA","TA","Unf","CompShg","TA","Gable"
129500,1950,396,2058,416,4,5,"Other","TA","Unf","CompShg","TA","Gable"
119000,1950,276,988,246,5,7,"TA","TA","Unf","CompShg","TA","Gable"
171750,2003,478,1405,1405,3,5,"Ex","TA","RFn","CompShg","TA","Gable"
130000,1968,288,874,354,11,6,"TA","TA","RFn","CompShg","TA","Gable"
294000,2003,518,2167,36,7,7,"TA","TA","RFn","CompShg","TA","Gable"
165400,2004,397,1656,746,7,5,"Ex","TA","Fin","CompShg","TA","Gable"
127500,1950,560,1367,459,11,6,"TA","Other","Unf","CompShg","TA","Gable"
190000,2005,400,1166,201,7,5,"Ex","TA","Fin","CompShg","TA","Gable"
181000,1999,502,1675,841,6,5,"Ex","TA","Fin","CompShg","TA","Gable"
128900,1956,338,1050,546,6,6,"Gd","TA","Unf","CompShg","TA","Hip"
161500,1989,304,1788,1104,11,5,"Ex","TA","Unf","CompShg","TA","Gable"
180500,1950,520,1824,764,7,6,"Ex","TA","Unf","CompShg","TA","Other"
181000,1999,511,1337,1139,8,5,"Ex","TA","Fin","CompShg","TA","Gable"
183900,1999,506,1452,241,3,5,"Ex","TA","Unf","CompShg","TA","Hip"
122000,1950,308,1889,925,1,4,"TA","TA","Unf","CompShg","TA","Hip"
378500,2009,746,2018,2002,5,5,"Ex","TA","Fin","CompShg","TA","Hip"
260000,1979,586,1524,74,4,6,"TA","TA","Fin","Other","TA","Other"
185750,1968,462,1489,1489,8,7,"Gd","TA","RFn","CompShg","TA","Hip"
137000,1965,288,935,0,11,6,"TA","TA","Unf","CompShg","TA","Hip"
177000,2006,312,1357,300,5,7,"Gd","TA","RFn","CompShg","TA","Gable"
139000,2003,552,1250,661,11,6,"Ex","TA","Unf","CompShg","TA","Gable"
137000,1950,400,1920,708,7,5,"Gd","TA","Unf","Other","TA","Gable"
162000,1972,497,1395,130,12,6,"TA","Gd","Unf","CompShg","TA","Gable"
197900,1976,480,1724,1152,6,5,"Other","TA","RFn","CompShg","TA","Gable"
68400,1950,528,1128,698,4,4,"TA","TA","RFn","CompShg","Gd","Gable"
227000,2002,544,1573,785,3,5,"Ex","TA","RFn","CompShg","TA","Gable"
132500,1950,280,1412,780,5,6,"Ex","TA","Unf","CompShg","Other","Gable"
278000,2000,499,1659,343,10,5,"Ex","TA","Fin","CompShg","TA","Gable"
281000,2006,753,1970,1085,10,5,"Ex","TA","Fin","CompShg","TA","Gable"
119500,1972,264,1302,399,2,7,"TA","TA","Unf","CompShg","TA","Gable"
107500,1965,432,2372,994,12,4,"TA","TA","RFn","CompShg","TA","Gable"
162900,1976,528,1664,638,3,5,"TA","TA","RFn","CompShg","TA","Gable"
115000,1990,572,864,697,4,7,"TA","TA","Unf","CompShg","TA","Hip"
138500,1968,288,1052,36,11,5,"Gd","TA","RFn","CompShg","TA","Hip"
155000,1963,525,1128,344,12,6,"Gd","TA","RFn","CompShg","Gd","Hip"
140000,2006,525,1072,0,6,5,"Gd","TA","Fin","CompShg","TA","Gable"
154000,1994,305,1246,0,5,7,"Ex","TA","RFn","CompShg","TA","Hip"
225000,1999,490,1983,284,5,5,"Ex","TA","Fin","CompShg","TA","Gable"
177500,1950,213,1494,224,11,7,"Other","TA","Unf","CompShg","TA","Gable"
232000,2005,834,1616,1616,4,5,"Ex","TA","RFn","CompShg","TA","Gable"
130000,2004,380,1708,976,4,5,"Ex","TA","Unf","CompShg","TA","Gable"
325000,2007,840,1652,80,11,5,"Ex","TA","Fin","CompShg","TA","Hip"
202500,2006,474,1368,1368,9,5,"Ex","TA","RFn","CompShg","TA","Gable"
138000,1995,480,990,244,5,5,"Ex","Gd","Unf","CompShg","Gd","Gable"
147000,2005,528,1122,172,5,7,"Ex","TA","Unf","CompShg","TA","Gable"
179200,1991,496,1294,78,6,5,"Gd","TA","RFn","CompShg","TA","Gable"
203000,2007,508,1274,349,1,5,"Ex","TA","RFn","CompShg","TA","Gable"
302000,1990,750,2810,971,6,5,"Ex","TA","RFn","CompShg","TA","Gable"
333168,1999,779,2599,1393,5,5,"Ex","TA","Fin","CompShg","TA","Gable"
206900,1969,576,2112,176,6,5,"TA","TA","Unf","CompShg","TA","Gable"
208900,2007,466,1352,1352,4,5,"Ex","Gd","RFn","CompShg","TA","Gable"
156500,1957,442,1478,628,6,3,"Gd","TA","RFn","CompShg","TA","Hip"
72500,1950,287,720,0,7,6,"TA",.,"Unf","CompShg","TA","Hip"
190000,1992,564,1923,76,6,5,"Ex","TA","RFn","CompShg","TA","Gable"
130500,2008,264,816,175,10,9,"Ex","TA","Unf","CompShg","Gd","Gable"
256000,1950,520,2792,1017,6,7,"Ex","TA","Unf","CompShg","Gd","Gable"
227000,2006,825,1588,1588,12,5,"Ex","Gd","RFn","CompShg","TA","Hip"
1e+05,1958,288,816,126,5,6,"Ex","TA","Unf","CompShg","TA","Gable"
125000,1970,440,1365,0,5,6,"TA","TA","Unf","CompShg","TA","Gable"
2e+05,2002,492,1861,216,6,5,"Ex","TA","RFn","CompShg","TA","Gable"
128500,1972,288,864,504,6,7,"Ex","TA","RFn","CompShg","Gd","Hip"
123000,1971,480,872,858,6,5,"TA","TA","Unf","CompShg","TA","Gable"
155000,2004,576,1114,300,7,5,"Ex","TA","Unf","CompShg","TA","Gable"
228500,2002,647,2169,1284,8,5,"Ex","TA","RFn","CompShg","TA","Gable"
108500,1950,308,960,710,7,4,"Gd","TA","Unf","CompShg","TA","Hip"
283463,2007,712,1776,1652,5,5,"Ex","TA","Fin","CompShg","TA","Gable"
215000,1998,514,1494,39,8,5,"Ex","TA","RFn","CompShg","TA","Gable"
2e+05,1969,968,2634,748,8,5,"TA","TA","Unf","CompShg","TA","Gable"
171000,1962,490,1716,539,3,6,"Ex","TA","Fin","CompShg","TA","Gable"
134900,2000,624,1176,698,7,9,"TA","TA","Unf","CompShg","TA","Gable"
410000,1996,666,3238,1217,3,5,"Ex","TA","Fin","CompShg","TA","Hip"
235000,2000,839,1865,257,6,5,"Ex","TA","RFn","CompShg","TA","Gable"
170000,1992,487,1920,570,9,6,"Gd","TA","RFn","CompShg","TA","Gable"
110000,1966,264,892,524,10,5,"TA","TA","RFn","CompShg","TA","Gable"
149900,2008,500,1078,344,4,6,"Ex","TA","Fin","CompShg","TA","Gable"
177500,2000,440,1573,378,6,5,"Ex","TA","Unf","CompShg","TA","Gable"
189000,1998,621,2601,612,5,6,"Ex","Other","RFn","CompShg","TA","Gable"
260000,2005,430,1530,256,6,5,"Ex","TA","Fin","CompShg","TA","Hip"
104900,2007,368,1738,715,6,4,"Gd","Other","Unf","CompShg","Gd","Gable"
156932,2007,432,1412,616,3,5,"Ex","TA","Fin","CompShg","TA","Gable"
144152,2005,480,1200,600,4,5,"Ex","TA","RFn","CompShg","TA","Gable"
216000,2000,663,1674,281,1,5,"Ex","TA","RFn","CompShg","TA","Gable"
193000,1999,588,1790,240,6,5,"Ex","TA","RFn","CompShg","TA","Gable"
127000,1977,336,1475,36,7,6,"Ex","TA","RFn","CompShg","TA","Gable"
144000,2004,420,848,163,6,5,"Ex","TA","Fin","CompShg","TA","Gable"
232000,2003,502,1668,315,5,5,"Ex","TA","Fin","CompShg","TA","Hip"
165500,1996,377,1661,161,10,6,"Gd","TA","RFn","CompShg","TA","Hip"
274300,1998,583,2097,133,6,6,"Ex","TA","RFn","CompShg","TA","Gable"
466500,2002,804,2633,1351,3,5,"Ex","TA","RFn","CompShg","TA","Hip"
250000,2005,936,1958,1026,7,5,"Ex","TA","Fin","CompShg","TA","Gable"
239000,2007,722,1571,1571,12,5,"Ex","TA","Fin","CompShg","TA","Gable"
83000,1973,264,987,174,6,5,"TA","Other","Unf","CompShg","TA","Gable"
58500,1950,200,864,661,6,3,"TA","Other","Unf","CompShg","Other","Gable"
157000,1950,576,1762,596,10,7,"Ex","TA","Unf","CompShg","TA","Hip"
112000,2007,576,1416,816,8,7,"Ex","TA","Unf","CompShg","Gd","Gable"
105000,1950,280,1258,356,10,5,"TA","TA","Unf","CompShg","TA","Gable"
250000,1978,564,2784,133,7,5,"TA","TA","RFn","CompShg","TA","Gable"
377500,2007,758,1746,426,10,5,"Ex","TA","Fin","CompShg","TA","Gable"
235000,2000,541,1525,125,9,5,"Ex","TA","RFn","CompShg","TA","Gable"
124000,1967,792,1584,1584,4,5,"TA","TA","Unf","CompShg","TA","Gable"
123000,1967,288,900,95,12,5,"TA","TA","RFn","CompShg","TA","Gable"
163000,2000,672,1912,482,4,7,"Ex","TA","Unf","CompShg","TA","Gable"
281213,2006,642,2482,1094,2,5,"Ex","Gd","Fin","CompShg","TA","Hip"
160000,1950,572,1687,60,6,5,"TA","TA","Unf","CompShg","TA","Gable"
138000,1982,240,1904,676,5,4,"Gd","TA","Unf","CompShg","TA","Gable"
137450,1990,216,1608,712,10,6,"Ex","TA","Unf","CompShg","TA","Gable"
120000,1950,208,1158,862,7,7,"TA","TA","RFn","CompShg","TA","Gable"
193000,2004,398,1593,80,4,5,"Ex","TA","Fin","CompShg","TA","Gable"
193879,2006,662,1294,1286,7,5,"Ex","Gd","RFn","CompShg","TA","Gable"
282922,2007,754,1464,556,8,5,"Ex","TA","Unf","CompShg","TA","Gable"
105000,1950,936,1214,672,1,4,"TA","TA","Unf","CompShg","TA","Gable"
125500,1950,528,1363,622,6,7,"Gd","TA","Unf","CompShg","TA","Gable"
215000,1991,542,2093,791,11,6,"Gd","TA","Fin","CompShg","Gd","Gable"
230000,2001,622,1840,278,6,5,"Ex","TA","RFn","CompShg","TA","Gable"
140000,2005,271,1668,736,9,8,"Ex","TA","Unf","CompShg","Gd","Gable"
90000,1950,420,1040,0,6,5,"Other",.,"Unf","CompShg","TA","Gable"
207000,2000,370,1848,833,6,7,"Gd","TA","Unf","CompShg","TA","Other"
175900,2007,660,1569,398,5,5,"Ex","TA","RFn","CompShg","TA","Hip"
340000,1998,1069,2450,503,5,5,"Ex","TA","Fin","CompShg","TA","Gable"
124000,1963,336,1144,247,8,5,"TA","TA","Unf","CompShg","TA","Gable"
223000,1969,540,1844,734,12,5,"Gd","TA","RFn","CompShg","Gd","Gable"
179900,1968,776,1416,304,5,6,"Gd","TA","RFn","CompShg","TA","Gable"
127500,1977,440,1069,709,7,5,"TA","TA","RFn","CompShg","TA","Gable"
136500,2003,420,848,162,3,5,"Ex","TA","Fin","CompShg","TA","Gable"
274970,1966,432,2201,697,8,7,"TA","TA","Unf","Other","Gd","Other"
144000,1983,484,1344,193,6,5,"TA","TA","Unf","CompShg","TA","Hip"
142000,1959,528,1252,1252,10,6,"Ex","TA","Unf","CompShg","TA","Hip"
271000,1994,525,2127,223,8,5,"Ex","TA","RFn","CompShg","TA","Gable"
119000,1992,240,804,278,2,7,"TA","TA","Unf","CompShg","Gd","Gable"
192140,2005,372,1838,732,7,5,"Ex","Gd","Fin","CompShg","TA","Gable"
143750,1976,440,958,0,10,6,"TA","TA","RFn","CompShg","TA","Gable"
186500,2000,451,1792,936,5,5,"Ex","TA","Fin","CompShg","TA","Gable"
174000,2005,462,1537,1319,7,9,"TA","TA","RFn","CompShg","Gd","Gable"
120500,1971,528,864,248,5,6,"TA","TA","Unf","CompShg","TA","Gable"
394617,2008,774,1932,596,11,5,"Ex","TA","Fin","CompShg","TA","Hip"
197000,1979,550,1725,114,11,6,"TA","TA","RFn","CompShg","TA","Hip"
149300,2004,420,848,151,5,5,"Ex","TA","RFn","CompShg","TA","Gable"
310000,2008,812,2007,252,4,5,"Ex","TA","Fin","CompShg","TA","Gable"
121000,1950,192,952,952,5,6,"Other","TA","Unf","CompShg","TA","Gable"
179600,2004,626,1422,1422,11,5,"Ex","TA","RFn","CompShg","TA","Gable"
157900,1962,312,1188,595,4,7,"TA","TA","Unf","CompShg","TA","Gable"
240000,1996,556,2090,141,12,5,"Ex","TA","RFn","CompShg","TA","Gable"
112000,2000,384,1346,560,5,7,"Gd","TA","Unf","CompShg","TA","Gable"
185000,2005,400,1221,811,10,5,"Ex","TA","RFn","CompShg","TA","Gable"
175000,2000,460,1647,953,8,5,"Ex","TA","RFn","CompShg","TA","Gable"
266500,2006,252,2340,877,5,9,"Ex","Gd","RFn","CompShg","Gd","Gable"
